    {

        "metadata": {
            "formatVersion" : 3.1,
            "generatedBy"   : "Blender 2.7 Exporter",
            "vertices"      : 73,
            "faces"         : 72,
            "normals"       : 73,
            "colors"        : 0,
            "uvs"           : [61],
            "materials"     : 2,
            "morphTargets"  : 0,
            "bones"         : 0
        },

            "scale" : 1.000000,
            
            "vertexPositions" : [-0.126221,-6.967e-08,0.584434,-0.126221,0.113423,0.584434,-0.401527,0.113423,0.443026,-0.401527,-5.28128e-08,0.443026,-0.182907,6.78595e-08,-0.569247,-0.182907,0.113423,-0.569247,0.126221,0.113423,-0.584434,0.126221,6.967e-08,-0.584434,-0.584434,1.50467e-08,-0.126221,-0.584434,0.113423,-0.126221,-0.443026,0.113423,-0.401527,-0.443026,4.78657e-08,-0.401527,0.569247,2.18042e-08,-0.182907,0.569247,0.113423,-0.182907,0.584434,0.113423,0.126221,0.584434,-1.50467e-08,0.126221,0.182907,-6.78595e-08,0.569247,0.182907,0.113423,0.569247,-0.569247,-2.18042e-08,0.182907,-0.569247,0.113423,0.182907,0.401527,5.28128e-08,-0.443026,0.401527,0.113423,-0.443026,0.443026,-4.78657e-08,0.401527,0.443026,0.113423,0.401527,0.0789085,0.261329,-0.0870635,0.111865,0.261329,-0.0359423,0.0870635,0.261329,0.0789085,0.0359423,0.261329,0.111865,-0.0789085,0.261329,0.0870636,-0.111865,0.261329,0.0359423,0.0248052,0.261329,-0.114851,-0.0870635,0.261329,-0.0789085,-0.0359423,0.261329,-0.111865,0.114851,0.261329,0.0248053,-0.0248052,0.261329,0.114851,-0.114851,0.261329,-0.0248052,-0.124441,1.84899,0.0399844,-0.12776,1.84899,-0.0275932,0.0877754,1.84899,-0.0968478,0.124441,1.84899,-0.039984,0.096848,1.84899,0.0877757,0.0399842,1.84899,0.124442,-0.0877754,1.84899,0.0968482,0.0275935,1.84899,-0.127759,-0.096848,1.84899,-0.0877752,-0.0399842,1.84899,-0.124441,0.12776,1.84899,0.0275937,-0.0275935,1.84899,0.12776,-2.05193,1.84899,0.659313,-2.10668,1.84899,-0.454981,1.44737,1.84899,-1.59694,2.05193,1.84899,-0.659312,1.59695,1.84899,1.44737,0.659312,1.84899,2.05193,-1.44737,1.84899,1.59695,0.454982,1.84899,-2.10668,-1.59695,1.84899,-1.44736,-0.659312,1.84899,-2.05193,2.10668,1.84899,0.454982,-0.454982,1.84899,2.10668,0.659312,2.02429,2.05193,-0.454982,2.02429,2.10668,-2.05193,2.02429,0.659313,-2.10668,2.02429,-0.454981,1.44737,2.02429,-1.59694,2.05193,2.02429,-0.659312,1.59695,2.02429,1.44737,-1.44737,2.02429,1.59695,0.454982,2.02429,-2.10668,-1.59695,2.02429,-1.44736,-0.659312,2.02429,-2.05193,2.10668,2.02429,0.454982,0,2.02429,2.41314e-07],
            "indices"    : [0,1,2,3,4,5,6,7,8,9,10,11,12,13,14,15,16,17,18,19,20,21,22,23,24,25,26,27,28,29,30,31,32,33,34,35,36,37,38,39,40,41,42,43,44,45,46,47,48,49,50,51,52,53,54,55,56,57,58,59,60,61,62,63,64,65,66,67,68,69,70,71],

            "vertexTextureCoords"      : [[0.135365,-0.272322,-0.170874,0.033917,0.553696,1.28891,0.972028,1.17682,-0.170874,0.87058,0.135365,1.17682,1.39036,0.452249,1.27827,0.033917,0.553696,-0.384413,-0.282966,0.452249,1.27827,0.87058,0.972028,-0.272322,0.696087,0.534458,0.718114,0.452249,0.635906,0.309859,0.553696,0.287831,0.411307,0.37004,0.389278,0.452249,0.635906,0.594639,0.471487,0.594639,0.553696,0.616667,0.696086,0.37004,0.471487,0.309859,0.411307,0.534459,0.370798,0.452249,0.395301,0.543699,0.712093,0.543699,0.736596,0.452249,0.645147,0.293854,0.553696,0.26935,0.395301,0.360799,0.645147,0.610645,0.462248,0.610645,0.553696,0.635149,0.712093,0.360799,0.462248,0.293854,0.541896,0.38118,-0.878734,0.38118,-0.676118,1.13735,0.554184,0.427039,0.713043,0.427039,1.94334,1.13735,2.14596,0.38118,0.725331,0.38118,0.679472,0.301751,1.38979,-0.92855,0.633614,-1.13116,0.633614,0.289463,0.554184,0.335322,-0.676118,-0.374993,0.679472,0.46061,1.38979,1.69091,0.587755,0.46061,-0.12256,1.69091,0.633614,1.89353,0.633614,0.472898,0.713043,0.335322,1.94334,-0.374993,0.587755,0.301751,-0.12256,-0.92855,0.633614,0.38118]],
            "vertexNormals"  : [-0.211097,0,0.977447,-0.176122,0.551225,0.815516,-0.560289,0.551225,0.618183,-0.671529,0,0.740959,-0.305887,0,-0.952055,-0.255226,0.551225,-0.794336,0.176122,0.551225,-0.815516,0.211097,0,-0.977447,-0.977447,0,-0.211097,-0.815516,0.551225,-0.176122,-0.618183,0.551225,-0.560289,-0.740959,0,-0.671529,0.952055,0,-0.305887,0.794336,0.551225,-0.255226,0.815516,0.551225,0.176122,0.977447,0,0.211097,0.305887,0,0.952055,0.255226,0.551225,0.794336,-0.952055,0,0.305887,-0.794336,0.551225,0.255226,0.671529,0,-0.740959,0.560289,0.551225,-0.618183,0.740959,0,0.671529,0.618183,0.551225,0.560289,0.514542,0.642598,-0.567705,0.729453,0.642567,-0.234352,0.567705,0.642598,0.514542,0.234352,0.642567,0.729453,-0.514542,0.642598,0.567705,-0.729453,0.642567,0.234352,0.161718,0.642567,-0.748924,-0.567705,0.642598,-0.514542,-0.234352,0.642567,-0.729453,0.748924,0.642567,0.161718,-0.161718,0.642567,0.748924,-0.748924,0.642567,-0.161718,-0.604175,-0.77282,0.194098,-0.620289,-0.77282,-0.133946,0.42616,-0.77282,-0.470199,0.604175,-0.77282,-0.194098,0.470199,-0.77282,0.42616,0.194098,-0.77282,0.604175,-0.42616,-0.77282,0.470199,0.133946,-0.77282,-0.620289,-0.470199,-0.77282,-0.42616,-0.194098,-0.77282,-0.604175,0.620289,-0.77282,0.133946,-0.133946,-0.77282,0.620289,-0.720847,-0.653218,0.231605,-0.740074,-0.653218,-0.159825,0.508469,-0.653218,-0.561022,0.720847,-0.653218,-0.231605,0.561022,-0.653218,0.508469,0.231605,-0.653218,0.720847,-0.508469,-0.653218,0.561022,0.159825,-0.653218,-0.740074,-0.561022,-0.653218,-0.508469,-0.231605,-0.653218,-0.720847,0.740074,-0.653218,0.159825,-0.159825,-0.653218,0.740074,0.231605,0.653218,0.720847,-0.159825,0.653218,0.740074,-0.720847,0.653218,0.231605,-0.740074,0.653218,-0.159825,0.508469,0.653218,-0.561022,0.720847,0.653218,-0.231605,0.561022,0.653218,0.508469,-0.508469,0.653218,0.561022,0.159825,0.653218,-0.740074,-0.561022,0.653218,-0.508469,-0.231605,0.653218,-0.720847,0.740074,0.653218,0.159825,0,1,0],
            
            "skinIndices"  : [],
            "skinWeights"  : [],
            "morphTargets" : [],
            
            "bones"      : [],
            "animations" : [],
            
            "colors"    : [],
            "materials" : [
				{
					"DbgColor": 15658734,
					"DbgIndex": 0,
					"DbgName": "table_wood.003",
					"blending": "NormalBlending",
					"colorAmbient": [0.2248069941997528, 0.0718270018696785, 0.019138000905513763],
					"colorDiffuse": [0.2248069941997528, 0.0718270018696785, 0.019138000905513763],
					"colorEmissive": [0.0, 0.0, 0.0],
					"colorSpecular": [0.27528101205825806, 0.27528101205825806, 0.27528101205825806],
					"depthTest": true,
					"depthWrite": true,
					"mapDiffuse": "Wood_006_COLOR.jpg",
					"mapDiffuseWrap": ["repeat", "repeat"],
					"shading": "Lambert",
					"specularCoef": 49,
					"transparency": 1.0,
					"transparent": true,
					"vertexColors": false
				},
				{
					"DbgColor": 15597568,
					"DbgIndex": 1,
					"DbgName": "table_base.003",
					"blending": "NormalBlending",
					"colorAmbient": [0.028172999620437622, 0.028172999620437622, 0.028172999620437622],
					"colorDiffuse": [0.028172999620437622, 0.028172999620437622, 0.028172999620437622],
					"colorEmissive": [0.0, 0.0, 0.0],
					"colorSpecular": [0.07303400337696075, 0.07303400337696075, 0.07303400337696075],
					"depthTest": true,
					"depthWrite": true,
					"mapDiffuse": "Gun_Metal_Scratched_001_COLOR.jpg",
					"mapDiffuseWrap": ["repeat", "repeat"],
					"shading": "Lambert",
					"specularCoef": 49,
					"transparency": 1.0,
					"transparent": true,
					"vertexColors": false
				}
            ]


    }
