    {

        "metadata": {
            "formatVersion" : 3.1,
            "generatedBy"   : "Blender 2.7 Exporter",
            "vertices"      : 73,
            "faces"         : 72,
            "normals"       : 73,
            "colors"        : 0,
            "uvs"           : [61],
            "materials"     : 2,
            "morphTargets"  : 0,
            "bones"         : 0
        },

            "scale" : 1.000000,
            
            "vertices" : [-0.126221,-6.967e-08,0.584434,-0.126221,0.113423,0.584434,-0.401527,0.113423,0.443026,-0.401527,-5.28128e-08,0.443026,-0.182907,6.78595e-08,-0.569247,-0.182907,0.113423,-0.569247,0.126221,0.113423,-0.584434,0.126221,6.967e-08,-0.584434,-0.584434,1.50467e-08,-0.126221,-0.584434,0.113423,-0.126221,-0.443026,0.113423,-0.401527,-0.443026,4.78657e-08,-0.401527,0.569247,2.18042e-08,-0.182907,0.569247,0.113423,-0.182907,0.584434,0.113423,0.126221,0.584434,-1.50467e-08,0.126221,0.182907,-6.78595e-08,0.569247,0.182907,0.113423,0.569247,-0.569247,-2.18042e-08,0.182907,-0.569247,0.113423,0.182907,0.401527,5.28128e-08,-0.443026,0.401527,0.113423,-0.443026,0.443026,-4.78657e-08,0.401527,0.443026,0.113423,0.401527,0.0789085,0.261329,-0.0870635,0.111865,0.261329,-0.0359423,0.0870635,0.261329,0.0789085,0.0359423,0.261329,0.111865,-0.0789085,0.261329,0.0870636,-0.111865,0.261329,0.0359423,0.0248052,0.261329,-0.114851,-0.0870635,0.261329,-0.0789085,-0.0359423,0.261329,-0.111865,0.114851,0.261329,0.0248053,-0.0248052,0.261329,0.114851,-0.114851,0.261329,-0.0248052,-0.124441,1.84899,0.0399844,-0.12776,1.84899,-0.0275932,0.0877754,1.84899,-0.0968478,0.124441,1.84899,-0.039984,0.096848,1.84899,0.0877757,0.0399842,1.84899,0.124442,-0.0877754,1.84899,0.0968482,0.0275935,1.84899,-0.127759,-0.096848,1.84899,-0.0877752,-0.0399842,1.84899,-0.124441,0.12776,1.84899,0.0275937,-0.0275935,1.84899,0.12776,-2.05193,1.84899,0.659313,-2.10668,1.84899,-0.454981,1.44737,1.84899,-1.59694,2.05193,1.84899,-0.659312,1.59695,1.84899,1.44737,0.659312,1.84899,2.05193,-1.44737,1.84899,1.59695,0.454982,1.84899,-2.10668,-1.59695,1.84899,-1.44736,-0.659312,1.84899,-2.05193,2.10668,1.84899,0.454982,-0.454982,1.84899,2.10668,0.659312,2.02429,2.05193,-0.454982,2.02429,2.10668,-2.05193,2.02429,0.659313,-2.10668,2.02429,-0.454981,1.44737,2.02429,-1.59694,2.05193,2.02429,-0.659312,1.59695,2.02429,1.44737,-1.44737,2.02429,1.59695,0.454982,2.02429,-2.10668,-1.59695,2.02429,-1.44736,-0.659312,2.02429,-2.05193,2.10668,2.02429,0.454982,0,2.02429,2.41314e-07],
            "faces"    : [43,0,1,2,3,1,0,0,1,1,0,1,2,3,43,4,5,6,7,1,2,2,3,3,4,5,6,7,43,8,9,10,11,1,4,4,5,5,8,9,10,11,43,12,13,14,15,1,6,6,7,7,12,13,14,15,43,1,0,16,17,1,0,0,8,8,1,0,16,17,43,18,19,9,8,1,9,9,4,4,18,19,9,8,43,20,21,13,12,1,10,10,6,6,20,21,13,12,43,22,23,17,16,1,11,11,8,8,22,23,17,16,43,3,2,19,18,1,1,1,9,9,3,2,19,18,43,7,6,21,20,1,3,3,10,10,7,6,21,20,43,11,10,5,4,1,5,5,2,2,11,10,5,4,43,15,14,23,22,1,7,7,11,11,15,14,23,22,43,21,24,25,13,1,10,12,13,6,21,24,25,13,43,23,26,27,17,1,11,14,15,8,23,26,27,17,43,2,28,29,19,1,1,16,17,9,2,28,29,19,43,6,30,24,21,1,3,18,12,10,6,30,24,21,43,10,31,32,5,1,5,19,20,2,10,31,32,5,43,14,33,26,23,1,7,21,14,11,14,33,26,23,43,1,34,28,2,1,0,22,16,1,1,34,28,2,43,5,32,30,6,1,2,20,18,3,5,32,30,6,43,9,35,31,10,1,4,23,19,5,9,35,31,10,43,13,25,33,14,1,6,13,21,7,13,25,33,14,43,17,27,34,1,1,8,15,22,0,17,27,34,1,43,19,29,35,9,1,9,17,23,4,19,29,35,9,43,29,36,37,35,1,17,24,25,23,29,36,37,35,43,24,38,39,25,1,12,26,27,13,24,38,39,25,43,26,40,41,27,1,14,28,29,15,26,40,41,27,43,28,42,36,29,1,16,30,24,17,28,42,36,29,43,30,43,38,24,1,18,31,26,12,30,43,38,24,43,31,44,45,32,1,19,32,33,20,31,44,45,32,43,33,46,40,26,1,21,34,28,14,33,46,40,26,43,34,47,42,28,1,22,35,30,16,34,47,42,28,43,32,45,43,30,1,20,33,31,18,32,45,43,30,43,35,37,44,31,1,23,25,32,19,35,37,44,31,43,25,39,46,33,1,13,27,34,21,25,39,46,33,43,27,41,47,34,1,15,29,35,22,27,41,47,34,43,36,48,49,37,0,36,37,38,39,36,48,49,37,43,38,50,51,39,0,40,41,42,43,38,50,51,39,43,40,52,53,41,0,44,45,46,47,40,52,53,41,43,42,54,48,36,0,48,49,37,36,42,54,48,36,43,43,55,50,38,0,50,51,41,40,43,55,50,38,43,44,56,57,45,0,52,53,54,55,44,56,57,45,43,46,58,52,40,0,56,57,45,44,46,58,52,40,43,47,59,54,42,0,58,59,49,48,47,59,54,42,43,45,57,55,43,0,55,54,51,50,45,57,55,43,43,37,49,56,44,0,39,38,53,52,37,49,56,44,43,39,51,58,46,0,43,42,57,56,39,51,58,46,43,41,53,59,47,0,47,46,59,58,41,53,59,47,43,53,60,61,59,0,46,46,59,59,53,60,61,59,43,48,62,63,49,0,37,37,38,38,48,62,63,49,43,50,64,65,51,0,41,41,42,42,50,64,65,51,43,52,66,60,53,0,45,45,46,46,52,66,60,53,43,54,67,62,48,0,49,49,37,37,54,67,62,48,43,55,68,64,50,0,51,51,41,41,55,68,64,50,43,56,69,70,57,0,53,53,54,54,56,69,70,57,43,58,71,66,52,0,57,57,45,45,58,71,66,52,43,59,61,67,54,0,59,59,49,49,59,61,67,54,43,57,70,68,55,0,54,54,51,51,57,70,68,55,43,49,63,69,56,0,38,38,53,53,49,63,69,56,43,51,65,71,58,0,42,42,57,57,51,65,71,58,42,60,72,61,0,46,60,59,60,72,61,42,62,72,63,0,37,60,38,62,72,63,42,64,72,65,0,41,60,42,64,72,65,42,66,72,60,0,45,60,46,66,72,60,42,67,72,62,0,49,60,37,67,72,62,42,68,72,64,0,51,60,41,68,72,64,42,69,72,70,0,53,60,54,69,72,70,42,71,72,66,0,57,60,45,71,72,66,42,61,72,67,0,59,60,49,61,72,67,42,70,72,68,0,54,60,51,70,72,68,42,63,72,69,0,38,60,53,63,72,69,42,65,72,71,0,42,60,57,65,72,71],
            "uvs"      : [[0.135365,-0.272322,-0.170874,0.033917,0.553696,1.28891,0.972028,1.17682,-0.170874,0.87058,0.135365,1.17682,1.39036,0.452249,1.27827,0.033917,0.553696,-0.384413,-0.282966,0.452249,1.27827,0.87058,0.972028,-0.272322,0.696087,0.534458,0.718114,0.452249,0.635906,0.309859,0.553696,0.287831,0.411307,0.37004,0.389278,0.452249,0.635906,0.594639,0.471487,0.594639,0.553696,0.616667,0.696086,0.37004,0.471487,0.309859,0.411307,0.534459,0.370798,0.452249,0.395301,0.543699,0.712093,0.543699,0.736596,0.452249,0.645147,0.293854,0.553696,0.26935,0.395301,0.360799,0.645147,0.610645,0.462248,0.610645,0.553696,0.635149,0.712093,0.360799,0.462248,0.293854,0.541896,0.38118,-0.878734,0.38118,-0.676118,1.13735,0.554184,0.427039,0.713043,0.427039,1.94334,1.13735,2.14596,0.38118,0.725331,0.38118,0.679472,0.301751,1.38979,-0.92855,0.633614,-1.13116,0.633614,0.289463,0.554184,0.335322,-0.676118,-0.374993,0.679472,0.46061,1.38979,1.69091,0.587755,0.46061,-0.12256,1.69091,0.633614,1.89353,0.633614,0.472898,0.713043,0.335322,1.94334,-0.374993,0.587755,0.301751,-0.12256,-0.92855,0.633614,0.38118]],